t,x,y,z,vx,vy,vz,wx,wy,wz,ke_trans,ke_rot,pe,e_total,mode
0.000000,0.013296,0.165487,0.199435,0.797739,3.329206,11.966089,0.000000,0.000000,0.000000,33.305067,0.000000,0.698073,34.003140,flying
0.016667,0.026554,0.218136,0.398310,0.795499,3.158955,11.932488,0.000000,0.000000,0.000000,32.894159,0.000000,0.920163,33.814322,flying
0.033333,0.039775,0.267957,0.596629,0.793279,2.989236,11.899189,0.000000,0.000000,0.000000,32.498438,0.000000,1.130321,33.628759,flying
0.050000,0.052960,0.314957,0.794399,0.791079,2.820041,11.866183,0.000000,0.000000,0.000000,32.117720,0.000000,1.328584,33.446304,flying
0.066667,0.066108,0.359147,0.991624,0.788897,2.651362,11.833462,0.000000,0.000000,0.000000,31.751825,0.000000,1.514988,33.266814,flying
0.083333,0.079220,0.400533,1.188307,0.786735,2.483190,11.801018,0.000000,0.000000,0.000000,31.400579,0.000000,1.689569,33.090148,flying
0.100000,0.092297,0.439125,1.384455,0.784589,2.315516,11.768842,0.000000,0.000000,0.000000,31.063810,0.000000,1.852361,32.916172,flying
0.116667,0.105338,0.474931,1.580070,0.782462,2.148333,11.736926,0.000000,0.000000,0.000000,30.741350,0.000000,2.003400,32.744750,flying
0.133333,0.118344,0.507958,1.775158,0.780351,1.981635,11.705263,0.000000,0.000000,0.000000,30.433036,0.000000,2.142719,32.575755,flying
0.150000,0.131315,0.538215,1.969722,0.778256,1.815412,11.673844,0.000000,0.000000,0.000000,30.138707,0.000000,2.270351,32.409058,flying
0.166667,0.144251,0.565709,2.163766,0.776177,1.649660,11.642661,0.000000,0.000000,0.000000,29.858206,0.000000,2.386331,32.244537,flying
0.183333,0.157153,0.590449,2.357295,0.774114,1.484371,11.611706,0.000000,0.000000,0.000000,29.591380,0.000000,2.490689,32.082069,flying
0.200000,0.170021,0.612441,2.550311,0.772065,1.319539,11.580972,0.000000,0.000000,0.000000,29.338078,0.000000,2.583460,31.921537,flying
0.216667,0.182855,0.631694,2.742818,0.770030,1.155158,11.550450,0.000000,0.000000,0.000000,29.098152,0.000000,2.664673,31.762825,flying
0.233333,0.195655,0.648214,2.934820,0.768009,0.991223,11.520134,0.000000,0.000000,0.000000,28.871459,0.000000,2.734361,31.605820,flying
0.250000,0.208421,0.662009,3.126321,0.766001,0.827729,11.490016,0.000000,0.000000,0.000000,28.657856,0.000000,2.792554,31.450411,flying
0.266667,0.221155,0.673087,3.317322,0.764006,0.664669,11.460087,0.000000,0.000000,0.000000,28.457204,0.000000,2.839284,31.296488,flying
0.283333,0.233855,0.681455,3.507828,0.762023,0.502041,11.430341,0.000000,0.000000,0.000000,28.269367,0.000000,2.874580,31.143947,flying
0.300000,0.246523,0.687119,3.697841,0.760051,0.339839,11.400771,0.000000,0.000000,0.000000,28.094210,0.000000,2.898472,30.992682,flying
0.316667,0.259158,0.690086,3.887364,0.758091,0.178060,11.371368,0.000000,0.000000,0.000000,27.931601,0.000000,2.910991,30.842592,flying
0.333333,0.271760,0.690365,4.076399,0.756142,0.016699,11.342127,0.000000,0.000000,0.000000,27.781411,0.000000,2.912165,30.693576,flying
0.350000,0.284330,0.687960,4.264950,0.754203,-0.144247,11.313039,0.000000,0.000000,0.000000,27.643511,0.000000,2.902023,30.545535,flying
0.366667,0.296868,0.682881,4.453018,0.752273,-0.304781,11.284097,0.000000,0.000000,0.000000,27.517776,0.000000,2.880596,30.398372,flying
0.383333,0.309374,0.675132,4.640606,0.750353,-0.464907,11.255296,0.000000,0.000000,0.000000,27.404083,0.000000,2.847911,30.251993,flying
0.400000,0.321848,0.664722,4.827717,0.748442,-0.624626,11.226627,0.000000,0.000000,0.000000,27.302308,0.000000,2.803996,30.106304,flying
0.416667,0.334290,0.651656,5.014351,0.746539,-0.783941,11.198085,0.000000,0.000000,0.000000,27.212331,0.000000,2.748881,29.961212,flying
0.433333,0.346701,0.635942,5.200512,0.744644,-0.942854,11.169662,0.000000,0.000000,0.000000,27.134034,0.000000,2.682594,29.816628,flying
0.450000,0.359080,0.617586,5.386202,0.742757,-1.101367,11.141352,0.000000,0.000000,0.000000,27.067299,0.000000,2.605162,29.672462,flying
0.466667,0.371428,0.596594,5.571421,0.740877,-1.259483,11.113148,0.000000,0.000000,0.000000,27.012010,0.000000,2.516614,29.528625,flying
0.483333,0.383745,0.572974,5.756171,0.739003,-1.417201,11.085045,0.000000,0.000000,0.000000,26.968053,0.000000,2.416978,29.385031,flying
0.500000,0.396030,0.546732,5.940455,0.737136,-1.574523,11.057035,0.000000,0.000000,0.000000,26.935312,0.000000,2.306281,29.241594,flying
0.516667,0.408285,0.517875,6.124274,0.735274,-1.731450,11.029114,0.000000,0.000000,0.000000,26.913678,0.000000,2.184552,29.098229,flying
0.533333,0.440528,0.471479,6.274666,5.817700,-5.296397,-0.858290,-35.561334,-38.378355,-4.215542,13.466335,2.867142,1.988840,18.322317,flying
0.550000,0.537320,0.380664,6.260523,5.807523,-5.448936,-0.848585,-35.561158,-38.378165,-4.215521,13.789740,2.867113,1.605753,18.262606,flying
0.566667,0.633940,0.287312,6.246543,5.797220,-5.601079,-0.838780,-35.560981,-38.377975,-4.215500,14.121931,2.867085,1.211969,18.200985,flying
0.583333,0.730387,0.191432,6.232729,5.786790,-5.752818,-0.828874,-35.560805,-38.377784,-4.215479,14.462812,2.867056,0.807517,18.137386,flying
0.600000,0.826657,0.110000,6.219081,4.258366,4.132902,-1.702527,-15.477517,-38.377594,-38.712420,8.194329,3.341413,0.464013,11.999755,flying
0.616667,0.897606,0.176041,6.190778,4.256909,3.962446,-1.698181,-15.477440,-38.377404,-38.712228,7.891805,3.341380,0.742593,11.975778,flying
0.633333,0.968530,0.239246,6.162547,4.255429,3.792333,-1.693834,-15.477363,-38.377214,-38.712036,7.602302,3.341347,1.009213,11.952862,flying
0.650000,1.039429,0.299622,6.134389,4.253926,3.622552,-1.689484,-15.477286,-38.377024,-38.711844,7.325721,3.341314,1.263896,11.930931,flying
0.666667,1.110302,0.357174,6.106304,4.252395,3.453089,-1.685131,-15.477210,-38.376833,-38.711652,7.061966,3.341281,1.506666,11.909913,flying
0.683333,1.181149,0.411906,6.078291,4.250835,3.283935,-1.680773,-15.477133,-38.376643,-38.711461,6.810947,3.341248,1.737543,11.889737,flying
0.700000,1.251970,0.463824,6.050351,4.249241,3.115078,-1.676409,-15.477056,-38.376453,-38.711269,6.572574,3.341214,1.956548,11.870337,flying
0.716667,1.322763,0.512932,6.022484,4.247612,2.946508,-1.672038,-15.476980,-38.376263,-38.711077,6.346764,3.341181,2.163703,11.851648,flying
0.733333,1.393529,0.559236,5.994689,4.245944,2.778215,-1.667657,-15.476903,-38.376073,-38.710885,6.133434,3.341148,2.359025,11.833607,flying
0.750000,1.464266,0.602739,5.966968,4.244233,2.610188,-1.663266,-15.476826,-38.375882,-38.710693,5.932507,3.341115,2.542534,11.816156,flying
0.766667,1.534974,0.643446,5.939320,4.242477,2.442419,-1.658864,-15.476750,-38.375692,-38.710501,5.743907,3.341082,2.714249,11.799238,flying
0.783333,1.605652,0.681361,5.911746,4.240670,2.274897,-1.654447,-15.476673,-38.375502,-38.710309,5.567563,3.341049,2.874185,11.782797,flying
0.800000,1.676299,0.716488,5.884246,4.238811,2.107615,-1.650016,-15.476596,-38.375312,-38.710118,5.403404,3.341016,3.022361,11.766780,flying
0.816667,1.746914,0.748831,5.856820,4.236893,1.940563,-1.645568,-15.476519,-38.375122,-38.709926,5.251363,3.340983,3.158792,11.751138,flying
0.833333,1.817496,0.778393,5.829468,4.234914,1.773735,-1.641101,-15.476443,-38.374932,-38.709734,5.111377,3.340949,3.283495,11.735821,flying
0.850000,1.888043,0.805178,5.802191,4.232869,1.607121,-1.636614,-15.476366,-38.374741,-38.709542,4.983384,3.340916,3.396483,11.720783,flying
0.866667,1.958556,0.829190,5.774990,4.230754,1.440717,-1.632105,-15.476289,-38.374551,-38.709350,4.867322,3.340883,3.497773,11.705979,flying
0.883333,2.029032,0.850432,5.747863,4.228563,1.274514,-1.627573,-15.476213,-38.374361,-38.709158,4.763136,3.340850,3.587378,11.691364,flying
0.900000,2.099470,0.868907,5.720813,4.226292,1.108508,-1.623014,-15.476136,-38.374171,-38.708967,4.670769,3.340817,3.665311,11.676898,flying
0.916667,2.169869,0.884619,5.693839,4.223936,0.942692,-1.618428,-15.476059,-38.373981,-38.708775,4.590167,3.340784,3.731587,11.662539,flying
0.933333,2.240227,0.897570,5.666942,4.221490,0.777063,-1.613813,-15.475983,-38.373790,-38.708583,4.521278,3.340751,3.786219,11.648248,flying
0.950000,2.310543,0.907763,5.640123,4.218950,0.611616,-1.609166,-15.475906,-38.373600,-38.708391,4.464050,3.340718,3.829218,11.633986,flying
0.966667,2.380815,0.915203,5.613382,4.216308,0.446347,-1.604485,-15.475829,-38.373410,-38.708199,4.418434,3.340685,3.860599,11.619717,flying
0.983333,2.451041,0.919890,5.586719,4.213561,0.281254,-1.599769,-15.475752,-38.373220,-38.708007,4.384380,3.340651,3.880372,11.605404,flying
1.000000,2.521219,0.921829,5.560135,4.210704,0.116335,-1.595015,-15.475676,-38.373030,-38.707816,4.361841,3.340618,3.888551,11.591011,flying
1.016667,2.591348,0.921022,5.533631,4.207729,-0.048412,-1.590222,-15.475599,-38.372840,-38.707624,4.350769,3.340585,3.885148,11.576502,flying
1.033333,2.661425,0.917472,5.507208,4.204633,-0.212989,-1.585388,-15.475522,-38.372649,-38.707432,4.351118,3.340552,3.870174,11.561844,flying
1.050000,2.731449,0.911182,5.480866,4.201410,-0.377394,-1.580510,-15.475446,-38.372459,-38.707240,4.362841,3.340519,3.843641,11.547001,flying
1.066667,2.801417,0.902155,5.454607,4.198054,-0.541628,-1.575587,-15.475369,-38.372269,-38.707048,4.385891,3.340486,3.805562,11.531938,flying
1.083333,2.871326,0.890394,5.428430,4.194560,-0.705689,-1.570617,-15.475292,-38.372079,-38.706856,4.420222,3.340453,3.755948,11.516623,flying
1.100000,2.941175,0.875901,5.402336,4.190923,-0.869576,-1.565598,-15.475216,-38.371889,-38.706665,4.465786,3.340420,3.694813,11.501019,flying
1.116667,3.010960,0.858679,5.376328,4.187139,-1.033287,-1.560528,-15.475139,-38.371699,-38.706473,4.522538,3.340387,3.622167,11.485092,flying
1.133333,3.080680,0.838732,5.350404,4.183201,-1.196818,-1.555406,-15.475062,-38.371508,-38.706281,4.590429,3.340353,3.538025,11.468807,flying
1.150000,3.150332,0.816063,5.324567,4.179105,-1.360166,-1.550230,-15.474986,-38.371318,-38.706089,4.669410,3.340320,3.442399,11.452129,flying
1.166667,3.219913,0.790674,5.298817,4.174847,-1.523327,-1.544998,-15.474909,-38.371128,-38.705897,4.759432,3.340287,3.335301,11.435020,flying
1.183333,3.289420,0.762569,5.273155,4.170422,-1.686296,-1.539710,-15.474832,-38.370938,-38.705705,4.860444,3.340254,3.216746,11.417445,flying
1.200000,3.358850,0.731752,5.247583,4.165825,-1.849068,-1.534363,-15.474755,-38.370748,-38.705514,4.972396,3.340221,3.086747,11.399364,flying
1.216667,3.428201,0.698224,5.222100,4.161053,-2.011638,-1.528957,-15.474679,-38.370558,-38.705322,5.095233,3.340188,2.945319,11.380740,flying
1.233333,3.497469,0.661991,5.196708,4.156102,-2.173999,-1.523490,-15.474602,-38.370367,-38.705130,5.228902,3.340155,2.792476,11.361533,flying
1.250000,3.566652,0.623055,5.171409,4.150968,-2.336145,-1.517960,-15.474525,-38.370177,-38.704938,5.373347,3.340122,2.628234,11.341702,flying
1.266667,3.635746,0.581421,5.146203,4.145647,-2.498069,-1.512368,-15.474449,-38.369987,-38.704746,5.528510,3.340089,2.452607,11.321205,flying
1.283333,3.704749,0.537091,5.121091,4.140137,-2.659765,-1.506713,-15.474372,-38.369797,-38.704554,5.694332,3.340055,2.265612,11.299999,flying
1.300000,3.773656,0.490071,5.096075,4.134434,-2.821224,-1.500992,-15.474295,-38.369607,-38.704363,5.870752,3.340022,2.067266,11.278041,flying
1.316667,3.842465,0.440364,5.071154,4.128535,-2.982439,-1.495206,-15.474219,-38.369417,-38.704171,6.057708,3.339989,1.857586,11.255283,flying
1.333333,3.911172,0.387974,5.046332,4.122438,-3.143402,-1.489354,-15.474142,-38.369226,-38.703979,6.255135,3.339956,1.636589,11.231680,flying
1.350000,3.979774,0.332905,5.021608,4.116141,-3.304106,-1.483436,-15.474065,-38.369036,-38.703787,6.462966,3.339923,1.404294,11.207183,flying
1.366667,4.048268,0.275163,4.996984,4.109640,-3.464540,-1.477450,-15.473989,-38.368846,-38.703595,6.681134,3.339890,1.160719,11.181743,flying
1.383333,4.116651,0.214751,4.972460,4.102935,-3.624698,-1.471397,-15.473912,-38.368656,-38.703404,6.909567,3.339857,0.905885,11.155308,flying
1.400000,4.184918,0.151675,4.948039,4.096023,-3.784570,-1.465276,-15.473835,-38.368466,-38.703212,7.148192,3.339824,0.639810,11.127827,flying
1.416667,4.253066,0.110000,4.923721,4.137025,2.760903,-1.528523,-13.895666,-38.368276,-37.609321,5.820899,3.204710,0.464013,9.489622,flying
1.433333,4.321989,0.153221,4.898315,4.135395,2.593248,-1.524339,-13.895597,-38.368086,-37.609135,5.622257,3.204678,0.646331,9.473267,flying
1.450000,4.390885,0.193652,4.872980,4.133721,2.425845,-1.520146,-13.895528,-38.367895,-37.608948,5.435891,3.204646,0.816880,9.457418,flying
1.466667,4.459751,0.231296,4.847714,4.132001,2.258684,-1.515942,-13.895459,-38.367705,-37.608762,5.261730,3.204615,0.975677,9.442022,flying
1.483333,4.528589,0.266159,4.822519,4.130231,2.091756,-1.511725,-13.895390,-38.367515,-37.608575,5.099706,3.204583,1.122738,9.427027,flying
1.500000,4.597395,0.298243,4.797394,4.128406,1.925054,-1.507495,-13.895322,-38.367325,-37.608389,4.949753,3.204551,1.258079,9.412383,flying
1.516667,4.640000,0.327553,4.772339,-2.888566,2.438092,-2.279574,-13.895253,-20.723399,-22.164475,4.189181,1.159022,1.381715,6.729918,flying
1.533333,4.591939,0.365476,4.734353,-2.883678,2.275403,-2.279165,-13.895184,-20.723297,-22.164365,4.017845,1.159010,1.541687,6.718543,flying
1.550000,4.543957,0.400691,4.696374,-2.878927,2.112921,-2.278756,-13.895115,-20.723194,-22.164255,3.858258,1.158999,1.690236,6.707492,flying
1.566667,4.496051,0.433202,4.658402,-2.874308,1.950637,-2.278346,-13.895046,-20.723091,-22.164145,3.710360,1.158987,1.827376,6.696723,flying
1.583333,4.448221,0.463011,4.620436,-2.869818,1.788542,-2.277931,-13.894977,-20.722988,-22.164035,3.574097,1.158976,1.953119,6.686192,flying
1.600000,4.400464,0.490121,4.582478,-2.865454,1.626628,-2.277510,-13.894908,-20.722886,-22.163926,3.449416,1.158964,2.067479,6.675859,flying
1.616667,4.352777,0.514536,4.544526,-2.861212,1.464887,-2.277079,-13.894840,-20.722783,-22.163816,3.336266,1.158953,2.170468,6.665687,flying
1.633333,4.305159,0.536258,4.506582,-2.857088,1.303313,-2.276637,-13.894771,-20.722680,-22.163706,3.234600,1.158941,2.262098,6.655638,flying
1.650000,4.257607,0.555290,4.468646,-2.853077,1.141899,-2.276180,-13.894702,-20.722578,-22.163596,3.144370,1.158930,2.342379,6.645678,flying
1.666667,4.210121,0.571634,4.430718,-2.849177,0.980638,-2.275704,-13.894633,-20.722475,-22.163486,3.065532,1.158918,2.411323,6.635773,flying
1.683333,4.162698,0.585292,4.392798,-2.845382,0.819525,-2.275209,-13.894564,-20.722372,-22.163376,2.998044,1.158907,2.468939,6.625890,flying
1.700000,4.115337,0.596268,4.354886,-2.841688,0.658556,-2.274688,-13.894495,-20.722270,-22.163266,2.941865,1.158895,2.515239,6.615999,flying
1.716667,4.068035,0.604564,4.316984,-2.838090,0.497727,-2.274141,-13.894426,-20.722167,-22.163157,2.896954,1.158884,2.550232,6.606070,flying
1.733333,4.020792,0.610181,4.279091,-2.834585,0.337033,-2.273562,-13.894358,-20.722064,-22.163047,2.863274,1.158872,2.573927,6.596073,flying
1.750000,3.973606,0.613122,4.241209,-2.831168,0.176472,-2.272950,-13.894289,-20.721961,-22.162937,2.840785,1.158861,2.586334,6.585980,flying
1.766667,3.926475,0.613390,4.203337,-2.827833,0.016043,-2.272299,-13.894220,-20.721859,-22.162827,2.829452,1.158849,2.587462,6.575763,flying
1.783333,3.879399,0.610985,4.165477,-2.824577,-0.144256,-2.271607,-13.894151,-20.721756,-22.162717,2.829238,1.158838,2.577320,6.565395,flying
1.800000,3.832376,0.605912,4.127629,-2.821394,-0.304425,-2.270870,-13.894082,-20.721653,-22.162607,2.840105,1.158826,2.555917,6.554849,flying
1.816667,3.785404,0.598171,4.089794,-2.818280,-0.464463,-2.270085,-13.894013,-20.721551,-22.162498,2.862019,1.158815,2.523263,6.544097,flying
1.833333,3.738484,0.587764,4.051973,-2.815231,-0.624370,-2.269248,-13.893944,-20.721448,-22.162388,2.894942,1.158803,2.479367,6.533113,flying
1.850000,3.691613,0.574695,4.014167,-2.812242,-0.784143,-2.268355,-13.893875,-20.721345,-22.162278,2.938839,1.158792,2.424238,6.521868,flying
1.866667,3.644791,0.558966,3.976377,-2.809308,-0.943781,-2.267404,-13.893807,-20.721243,-22.162168,2.993671,1.158780,2.357885,6.510336,flying
1.883333,3.598018,0.540578,3.938604,-2.806425,-1.103279,-2.266390,-13.893738,-20.721140,-22.162058,3.059400,1.158769,2.280319,6.498488,flying
1.900000,3.551291,0.519534,3.900849,-2.803590,-1.262633,-2.265311,-13.893669,-20.721037,-22.161948,3.135989,1.158757,2.191550,6.486296,flying
1.916667,3.504611,0.495837,3.863113,-2.800798,-1.421840,-2.264165,-13.893600,-20.720934,-22.161839,3.223395,1.158746,2.091587,6.473728,flying
1.933333,3.457977,0.469488,3.825397,-2.798045,-1.580893,-2.262947,-13.893531,-20.720832,-22.161729,3.321579,1.158734,1.980442,6.460756,flying
1.950000,3.411388,0.440492,3.787703,-2.795328,-1.739787,-2.261655,-13.893462,-20.720729,-22.161619,3.430498,1.158723,1.858127,6.447348,flying
1.966667,3.364844,0.408850,3.750031,-2.792644,-1.898516,-2.260287,-13.893394,-20.720626,-22.161509,3.550107,1.158711,1.724652,6.433470,flying
1.983333,3.318344,0.374565,3.712384,-2.789990,-2.057074,-2.258840,-13.893325,-20.720524,-22.161399,3.680360,1.158700,1.580029,6.419089,flying
2.000000,3.271888,0.337641,3.674762,-2.787361,-2.215452,-2.257312,-13.893256,-20.720421,-22.161289,3.821209,1.158688,1.424272,6.404169,flying
2.016667,3.225476,0.298080,3.637167,-2.784756,-2.373644,-2.255700,-13.893187,-20.720318,-22.161180,3.972606,1.158677,1.257393,6.388676,flying
2.033333,3.179106,0.255886,3.599601,-2.782172,-2.531642,-2.254004,-13.893118,-20.720216,-22.161070,4.134499,1.158666,1.079405,6.372570,flying
2.050000,3.132779,0.211062,3.562064,-2.779606,-2.689438,-2.252220,-13.893049,-20.720113,-22.160960,4.306833,1.158654,0.890324,6.355812,flying
2.066667,3.086495,0.163612,3.524558,-2.777056,-2.847024,-2.250347,-13.892980,-20.720010,-22.160850,4.489555,1.158643,0.690164,6.338362,flying
2.083333,3.040253,0.113539,3.487085,-2.774520,-3.004391,-2.248384,-13.892912,-20.719908,-22.160740,4.682605,1.158631,0.478941,6.320177,flying
2.100000,2.994053,0.110000,3.449646,-1.283520,2.213071,-2.041153,-18.555939,-20.719805,11.668363,2.302954,0.946721,0.464013,3.713688,flying
2.116667,2.972683,0.144158,3.415629,-1.282245,2.049485,-2.040989,-18.555847,-20.719702,11.668305,2.152188,0.946712,0.608102,3.707002,flying
2.133333,2.951333,0.175593,3.381616,-1.280965,1.886070,-2.040815,-18.555755,-20.719600,11.668247,2.013057,0.946702,0.740702,3.700462,flying
2.150000,2.930005,0.204306,3.347605,-1.279678,1.722816,-2.040628,-18.555663,-20.719497,11.668189,1.885514,0.946693,0.861825,3.694032,flying
2.166667,2.908699,0.230301,3.313598,-1.278383,1.559713,-2.040426,-18.555571,-20.719394,11.668131,1.769516,0.946684,0.971480,3.687680,flying
2.183333,2.887414,0.253581,3.279595,-1.277077,1.396753,-2.040206,-18.555479,-20.719291,11.668073,1.665021,0.946674,1.069679,3.681374,flying
2.200000,2.866151,0.274146,3.245595,-1.275760,1.233925,-2.039964,-18.555388,-20.719189,11.668016,1.571992,0.946665,1.156430,3.675087,flying
2.216667,2.844911,0.292000,3.211600,-1.274428,1.071222,-2.039699,-18.555296,-20.719086,11.667958,1.490393,0.946655,1.231742,3.668791,flying
2.233333,2.823693,0.307144,3.177610,-1.273080,0.908636,-2.039407,-18.555204,-20.718983,11.667900,1.420190,0.946646,1.295624,3.662460,flying
2.250000,2.802498,0.319580,3.143626,-1.271714,0.746160,-2.039082,-18.555112,-20.718881,11.667842,1.361352,0.946637,1.348083,3.656071,flying
2.266667,2.781326,0.329309,3.109647,-1.270326,0.583788,-2.038723,-18.555020,-20.718778,11.667784,1.313849,0.946627,1.389126,3.649603,flying
2.283333,2.760177,0.336335,3.075675,-1.268914,0.421514,-2.038323,-18.554928,-20.718675,11.667726,1.277655,0.946618,1.418761,3.643033,flying
2.300000,2.739052,0.340657,3.041710,-1.267475,0.259334,-2.037880,-18.554836,-20.718573,11.667669,1.252741,0.946609,1.436993,3.636342,flying
2.316667,2.717952,0.342278,3.007754,-1.266007,0.097245,-2.037387,-18.554744,-20.718470,11.667611,1.239083,0.946599,1.443830,3.629512,flying
2.333333,2.696877,0.341198,2.973806,-1.264506,-0.064754,-2.036840,-18.554652,-20.718367,11.667553,1.236655,0.946590,1.439277,3.622522,flying
2.350000,2.675828,0.337421,2.939869,-1.262969,-0.226666,-2.036234,-18.554560,-20.718265,11.667495,1.245434,0.946580,1.423342,3.615356,flying
2.366667,2.654805,0.330946,2.905943,-1.261393,-0.388488,-2.035564,-18.554468,-20.718162,11.667437,1.265395,0.946571,1.396029,3.607995,flying
2.383333,2.633808,0.321776,2.872029,-1.259775,-0.550221,-2.034826,-18.554376,-20.718059,11.667380,1.296513,0.946562,1.357346,3.600420,flying
2.400000,2.612840,0.309911,2.838129,-1.258113,-0.711861,-2.034014,-18.554284,-20.717957,11.667322,1.338763,0.946552,1.307298,3.592614,flying
2.416667,2.591900,0.295354,2.804244,-1.256403,-0.873404,-2.033124,-18.554192,-20.717854,11.667264,1.392120,0.946543,1.245894,3.584556,flying
2.433333,2.570989,0.278107,2.770374,-1.254643,-1.034845,-2.032152,-18.554100,-20.717751,11.667206,1.456555,0.946533,1.173139,3.576228,flying
2.450000,2.550109,0.258171,2.736523,-1.252831,-1.196180,-2.031094,-18.554008,-20.717649,11.667148,1.532041,0.946524,1.089041,3.567607,flying
2.466667,2.529259,0.235547,2.702691,-1.250964,-1.357401,-2.029945,-18.553916,-20.717546,11.667090,1.618547,0.946515,0.993609,3.558671,flying
2.483333,2.508442,0.210239,2.668879,-1.249040,-1.518501,-2.028703,-18.553824,-20.717443,11.667033,1.716040,0.946505,0.886851,3.549397,flying
2.500000,2.487658,0.182248,2.635089,-1.247057,-1.679473,-2.027364,-18.553732,-20.717341,11.666975,1.824488,0.946496,0.768776,3.539759,flying
2.516667,2.466907,0.151576,2.601324,-1.245015,-1.840308,-2.025926,-18.553640,-20.717238,11.666917,1.943852,0.946487,0.639393,3.529732,flying
2.533333,2.446192,0.118226,2.567584,-1.242911,-2.000998,-2.024386,-18.553548,-20.717135,11.666859,2.074096,0.946477,0.498713,3.519286,flying
2.550000,2.425513,0.110000,2.533872,-1.252916,1.513073,-2.027924,-18.435673,-20.717033,11.390149,1.713908,0.935296,0.464013,3.113217,flying
2.566667,2.404653,0.132503,2.500077,-1.251626,1.350180,-2.027701,-18.435582,-20.716930,11.390092,1.612742,0.935287,0.558937,3.106967,flying
2.583333,2.383814,0.152293,2.466286,-1.250324,1.187417,-2.027458,-18.435491,-20.716827,11.390036,1.523029,0.935278,0.642419,3.100726,flying
2.600000,2.362997,0.169373,2.432499,-1.249008,1.024776,-2.027189,-18.435399,-20.716725,11.389980,1.444732,0.935269,0.714466,3.094466,flying
2.616667,2.342202,0.183744,2.398718,-1.247676,0.862250,-2.026892,-18.435308,-20.716622,11.389923,1.377819,0.935259,0.775086,3.088165,flying
2.633333,2.321430,0.195408,2.364942,-1.246324,0.699830,-2.026563,-18.435217,-20.716519,11.389867,1.322260,0.935250,0.824288,3.081798,flying
2.650000,2.300681,0.204366,2.331172,-1.244952,0.537512,-2.026198,-18.435125,-20.716417,11.389810,1.278025,0.935241,0.862077,3.075343,flying
2.666667,2.279955,0.210621,2.297409,-1.243555,0.375290,-2.025792,-18.435034,-20.716314,11.389754,1.245088,0.935232,0.888462,3.068782,flying
2.683333,2.259253,0.214174,2.263653,-1.242132,0.213160,-2.025341,-18.434943,-20.716211,11.389697,1.223422,0.935222,0.903448,3.062093,flying
2.700000,2.238575,0.215026,2.229906,-1.240678,0.051120,-2.024840,-18.434851,-20.716109,11.389641,1.213003,0.935213,0.907042,3.055258,flying
2.716667,2.217922,0.213178,2.196167,-1.239192,-0.110832,-2.024284,-18.434760,-20.716006,11.389584,1.213806,0.935204,0.899250,3.048260,flying
2.733333,2.197294,0.208633,2.162440,-1.237670,-0.272697,-2.023668,-18.434668,-20.715903,11.389528,1.225806,0.935194,0.880078,3.041079,flying
2.750000,2.176692,0.201392,2.128723,-1.236109,-0.434473,-2.022987,-18.434577,-20.715801,11.389472,1.248980,0.935185,0.849533,3.033698,flying
2.766667,2.156117,0.191456,2.095019,-1.234507,-0.596160,-2.022237,-18.434486,-20.715698,11.389415,1.283304,0.935176,0.807620,3.026100,flying
2.783333,2.135569,0.178827,2.061329,-1.232860,-0.757754,-2.021411,-18.434394,-20.715595,11.389359,1.328751,0.935167,0.754346,3.018264,flying
2.800000,2.115050,0.163506,2.027654,-1.231166,-0.919251,-2.020507,-18.434303,-20.715493,11.389302,1.385297,0.935157,0.689718,3.010172,flying
2.816667,2.094560,0.145495,1.993995,-1.229422,-1.080645,-2.019520,-18.434212,-20.715390,11.389246,1.452913,0.935148,0.613743,3.001804,flying
2.833333,2.074099,0.124797,1.960355,-1.227626,-1.241932,-2.018446,-18.434120,-20.715287,11.389189,1.531571,0.935139,0.526429,2.993139,flying
2.850000,2.053670,0.110000,1.926733,-1.233498,0.982172,-2.020270,-18.366092,-20.715185,11.213621,1.412049,0.928400,0.464013,2.804462,flying
2.866667,2.033133,0.123662,1.893067,-1.232173,0.819690,-2.019967,-18.366001,-20.715082,11.213565,1.348138,0.928391,0.521641,2.798170,flying
2.883333,2.012620,0.134617,1.859407,-1.230828,0.657313,-2.019632,-18.365910,-20.714979,11.213510,1.295571,0.928381,0.567854,2.791806,flying
2.900000,1.992129,0.142867,1.825752,-1.229463,0.495035,-2.019259,-18.365819,-20.714877,11.213454,1.254320,0.928372,0.602657,2.785349,flying
2.916667,1.971661,0.148415,1.792105,-1.228072,0.332852,-2.018845,-18.365728,-20.714774,11.213398,1.224358,0.928363,0.626058,2.778779,flying
2.933333,1.951216,0.151261,1.758465,-1.226655,0.170761,-2.018385,-18.365637,-20.714671,11.213343,1.205659,0.928354,0.638064,2.772077,flying
2.950000,1.930796,0.151407,1.724834,-1.225208,0.008757,-2.017873,-18.365546,-20.714569,11.213287,1.198200,0.928345,0.638679,2.765224,flying
2.966667,1.910401,0.148854,1.691212,-1.223727,-0.153159,-2.017305,-18.365455,-20.714466,11.213232,1.201955,0.928335,0.627912,2.758202,flying
2.983333,1.890031,0.143604,1.657601,-1.222211,-0.314989,-2.016677,-18.365364,-20.714363,11.213176,1.216900,0.928326,0.605766,2.750993,flying
3.000000,1.869686,0.135659,1.624001,-1.220655,-0.476730,-2.015982,-18.365273,-20.714261,11.213121,1.243012,0.928317,0.572250,2.743579,flying
3.016667,1.849369,0.125019,1.590414,-1.219058,-0.638381,-2.015217,-18.365182,-20.714158,11.213065,1.280267,0.928308,0.527368,2.735943,flying
3.033333,1.829079,0.111687,1.556841,-1.217416,-0.799939,-2.014376,-18.365091,-20.714055,11.213009,1.328638,0.928299,0.471129,2.728066,flying
3.050000,1.808816,0.110000,1.523284,-1.220783,0.672979,-2.015368,-18.321525,-20.713953,11.098028,1.291058,0.923962,0.464013,2.679032,flying
3.066667,1.788493,0.118512,1.489700,-1.219428,0.510702,-2.015000,-18.321434,-20.713850,11.097973,1.248730,0.923952,0.499918,2.672600,flying
3.083333,1.768192,0.124320,1.456124,-1.218048,0.348520,-2.014592,-18.321344,-20.713747,11.097918,1.217693,0.923943,0.524421,2.666057,flying
3.100000,1.747914,0.127428,1.422555,-1.216643,0.186428,-2.014138,-18.321253,-20.713645,11.097863,1.197921,0.923934,0.537527,2.659383,flying
3.116667,1.727661,0.127835,1.388994,-1.215208,0.024425,-2.013634,-18.321162,-20.713542,11.097808,1.189390,0.923925,0.539245,2.652560,flying
3.133333,1.707432,0.125543,1.355443,-1.213740,-0.137491,-2.013074,-18.321071,-20.713439,11.097753,1.192075,0.923916,0.529578,2.645569,flying
3.150000,1.687228,0.120554,1.321902,-1.212237,-0.299321,-2.012453,-18.320980,-20.713337,11.097698,1.205952,0.923907,0.508535,2.638393,flying
3.166667,1.667050,0.112870,1.288373,-1.210696,-0.461063,-2.011768,-18.320890,-20.713234,11.097643,1.230998,0.923897,0.476120,2.631015,flying
3.183333,1.646898,0.110000,1.254856,-1.212434,0.435901,-2.012234,-18.293033,-20.713131,11.022124,1.227454,0.921093,0.464013,2.612561,flying
3.200000,1.626714,0.114563,1.221326,-1.211048,0.273767,-2.011806,-18.292942,-20.713029,11.022070,1.201624,0.921084,0.483260,2.605968,flying
3.216667,1.606553,0.116425,1.187804,-1.209635,0.111722,-2.011330,-18.292851,-20.712926,11.022015,1.187047,0.921075,0.491115,2.599237,flying
3.233333,1.586417,0.115588,1.154290,-1.208191,-0.050235,-2.010802,-18.292761,-20.712823,11.021960,1.183698,0.921066,0.487583,2.592347,flying
3.250000,1.566305,0.112052,1.120787,-1.206713,-0.212107,-2.010216,-18.292670,-20.712721,11.021906,1.191555,0.921057,0.472671,2.585282,flying
3.266667,1.546218,0.110000,1.087294,-1.207258,0.000000,-2.010315,-18.275591,-20.712618,10.975069,1.182250,0.919330,0.464013,2.565594,rolling
3.283333,1.526167,0.110000,1.053905,-1.203049,0.000000,-2.003307,-18.211879,-20.712618,10.936808,1.174021,0.916039,0.464013,2.554073,rolling
3.300000,1.506187,0.110000,1.020634,-1.198840,0.000000,-1.996298,-18.148167,-20.712618,10.898547,1.165821,0.912759,0.464013,2.542593,rolling
3.316667,1.486276,0.110000,0.987479,-1.194631,0.000000,-1.989290,-18.084454,-20.712618,10.860285,1.157650,0.909490,0.464013,2.531154,rolling
3.333333,1.466436,0.110000,0.954441,-1.190423,0.000000,-1.982282,-18.020742,-20.712618,10.822024,1.149507,0.906233,0.464013,2.519754,rolling
3.350000,1.446666,0.110000,0.921520,-1.186214,0.000000,-1.975273,-17.957030,-20.712618,10.783763,1.141394,0.902988,0.464013,2.508395,rolling
3.366667,1.426965,0.110000,0.888715,-1.182005,0.000000,-1.968265,-17.893317,-20.712618,10.745502,1.133309,0.899754,0.464013,2.497076,rolling
3.383333,1.407336,0.110000,0.856028,-1.177796,0.000000,-1.961257,-17.829605,-20.712618,10.707240,1.125252,0.896531,0.464013,2.485797,rolling
3.400000,1.387776,0.110000,0.823457,-1.173588,0.000000,-1.954248,-17.765892,-20.712618,10.668979,1.117225,0.893320,0.464013,2.474558,rolling
3.416667,1.368286,0.110000,0.791003,-1.169379,0.000000,-1.947240,-17.702180,-20.712618,10.630718,1.109226,0.890121,0.464013,2.463360,rolling
3.433333,1.348867,0.110000,0.758666,-1.165170,0.000000,-1.940231,-17.638468,-20.712618,10.592456,1.101256,0.886933,0.464013,2.452201,rolling
3.450000,1.329517,0.110000,0.726445,-1.160961,0.000000,-1.933223,-17.574755,-20.712618,10.554195,1.093314,0.883756,0.464013,2.441084,rolling
3.466667,1.310238,0.110000,0.694342,-1.156753,0.000000,-1.926215,-17.511043,-20.712618,10.515934,1.085402,0.880591,0.464013,2.430006,rolling
3.483333,1.291029,0.110000,0.662355,-1.152544,0.000000,-1.919206,-17.447331,-20.712618,10.477673,1.077518,0.877438,0.464013,2.418968,rolling
3.500000,1.271890,0.110000,0.630485,-1.148335,0.000000,-1.912198,-17.383618,-20.712618,10.439411,1.069663,0.874296,0.464013,2.407971,rolling
3.516667,1.252821,0.110000,0.598732,-1.144126,0.000000,-1.905190,-17.319906,-20.712618,10.401150,1.061836,0.871165,0.464013,2.397014,rolling
3.533333,1.233823,0.110000,0.567095,-1.139918,0.000000,-1.898181,-17.256194,-20.712618,10.362889,1.054039,0.868046,0.464013,2.386097,rolling
3.550000,1.214894,0.110000,0.535576,-1.135709,0.000000,-1.891173,-17.192481,-20.712618,10.324627,1.046270,0.864938,0.464013,2.375221,rolling
3.566667,1.196036,0.110000,0.504173,-1.131500,0.000000,-1.884165,-17.128769,-20.712618,10.286366,1.038529,0.861842,0.464013,2.364385,rolling
3.583333,1.177248,0.110000,0.472887,-1.127292,0.000000,-1.877156,-17.065056,-20.712618,10.248105,1.030818,0.858758,0.464013,2.353588,rolling
3.600000,1.158530,0.110000,0.441718,-1.123083,0.000000,-1.870148,-17.001344,-20.712618,10.209844,1.023135,0.855685,0.464013,2.342833,rolling
3.616667,1.139882,0.110000,0.410666,-1.118874,0.000000,-1.863139,-16.937632,-20.712618,10.171582,1.015481,0.852623,0.464013,2.332117,rolling
3.633333,1.121304,0.110000,0.379730,-1.114665,0.000000,-1.856131,-16.873919,-20.712618,10.133321,1.007856,0.849573,0.464013,2.321442,rolling
3.650000,1.102796,0.110000,0.348911,-1.110457,0.000000,-1.849123,-16.810207,-20.712618,10.095060,1.000259,0.846534,0.464013,2.310806,rolling
3.666667,1.084359,0.110000,0.318210,-1.106248,0.000000,-1.842114,-16.746495,-20.712618,10.056798,0.992691,0.843507,0.464013,2.300212,rolling
3.683333,1.065992,0.110000,0.287624,-1.102039,0.000000,-1.835106,-16.682782,-20.712618,10.018537,0.985152,0.840491,0.464013,2.289657,rolling
3.700000,1.047694,0.110000,0.257156,-1.097830,0.000000,-1.828098,-16.619070,-20.712618,9.980276,0.977642,0.837487,0.464013,2.279142,rolling
3.716667,1.029467,0.110000,0.226805,-1.093622,0.000000,-1.821089,-16.555357,-20.712618,9.942015,0.970161,0.834495,0.464013,2.268668,rolling
3.733333,1.011310,0.110000,0.196570,-1.089413,0.000000,-1.814081,-16.491645,-20.712618,9.903753,0.962708,0.831514,0.464013,2.258234,rolling
3.750000,0.993224,0.110000,0.166452,-1.085204,0.000000,-1.807073,-16.427933,-20.712618,9.865492,0.955284,0.828544,0.464013,2.247840,rolling
3.766667,0.975207,0.110000,0.136451,-1.080995,0.000000,-1.800064,-16.364220,-20.712618,9.827231,0.947888,0.825586,0.464013,2.237487,rolling
3.783333,0.957261,0.110000,0.106567,-1.076787,0.000000,-1.793056,-16.300508,-20.712618,9.788969,0.940522,0.822639,0.464013,2.227174,rolling
3.800000,0.939384,0.110000,0.076799,-1.072578,0.000000,-1.786048,-16.236796,-20.712618,9.750708,0.933184,0.819704,0.464013,2.216901,rolling
3.816667,0.921578,0.110000,0.047149,-1.068369,0.000000,-1.779039,-16.173083,-20.712618,9.712447,0.925874,0.816780,0.464013,2.206668,rolling
3.833333,0.903842,0.110000,0.017615,-1.064160,0.000000,-1.772031,-16.109371,-20.712618,9.674186,0.918594,0.813868,0.464013,2.196475,rolling
3.850000,0.886176,0.110000,-0.011802,-1.059952,0.000000,-1.765022,-16.045659,-20.712618,9.635924,0.911342,0.810967,0.464013,2.186323,rolling
3.866667,0.868581,0.110000,-0.041102,-1.055743,0.000000,-1.758014,-15.981946,-20.712618,9.597663,0.904119,0.808078,0.464013,2.176211,rolling
3.883333,0.851055,0.110000,-0.070286,-1.051534,0.000000,-1.751006,-15.918234,-20.712618,9.559402,0.896925,0.805201,0.464013,2.166139,rolling
3.900000,0.833600,0.110000,-0.099353,-1.047325,0.000000,-1.743997,-15.854521,-20.712618,9.521140,0.889760,0.802334,0.464013,2.156107,rolling
3.916667,0.816214,0.110000,-0.128302,-1.043117,0.000000,-1.736989,-15.790809,-20.712618,9.482879,0.882623,0.799480,0.464013,2.146116,rolling
3.933333,0.798899,0.110000,-0.157135,-1.038908,0.000000,-1.729981,-15.727097,-20.712618,9.444618,0.875515,0.796636,0.464013,2.136164,rolling
3.950000,0.781654,0.110000,-0.185852,-1.034699,0.000000,-1.722972,-15.663384,-20.712618,9.406356,0.868436,0.793805,0.464013,2.126253,rolling
3.966667,0.764479,0.110000,-0.214451,-1.030490,0.000000,-1.715964,-15.599672,-20.712618,9.368095,0.861385,0.790985,0.464013,2.116383,rolling
3.983333,0.747375,0.110000,-0.242934,-1.026282,0.000000,-1.708956,-15.535960,-20.712618,9.329834,0.854363,0.788176,0.464013,2.106552,rolling
4.000000,0.730340,0.110000,-0.271299,-1.022073,0.000000,-1.701947,-15.472247,-20.712618,9.291573,0.847370,0.785379,0.464013,2.096762,rolling
4.016667,0.713376,0.110000,-0.299548,-1.017864,0.000000,-1.694939,-15.408535,-20.712618,9.253311,0.840406,0.782593,0.464013,2.087012,rolling
4.033333,0.696481,0.110000,-0.327680,-1.013656,0.000000,-1.687930,-15.344822,-20.712618,9.215050,0.833470,0.779819,0.464013,2.077302,rolling
4.050000,0.679657,0.110000,-0.355696,-1.009447,0.000000,-1.680922,-15.281110,-20.712618,9.176789,0.826564,0.777056,0.464013,2.067633,rolling
4.066667,0.662903,0.110000,-0.383594,-1.005238,0.000000,-1.673914,-15.217398,-20.712618,9.138527,0.819686,0.774305,0.464013,2.058003,rolling
4.083333,0.646220,0.110000,-0.411376,-1.001029,0.000000,-1.666905,-15.153685,-20.712618,9.100266,0.812836,0.771565,0.464013,2.048414,rolling
4.100000,0.629606,0.110000,-0.439041,-0.996821,0.000000,-1.659897,-15.089973,-20.712618,9.062005,0.806016,0.768837,0.464013,2.038865,rolling
4.116667,0.613062,0.110000,-0.466589,-0.992612,0.000000,-1.652889,-15.026261,-20.712618,9.023744,0.799224,0.766120,0.464013,2.029357,rolling
4.133333,0.596589,0.110000,-0.494021,-0.988403,0.000000,-1.645880,-14.962548,-20.712618,8.985482,0.792460,0.763415,0.464013,2.019888,rolling
4.150000,0.580186,0.110000,-0.521335,-0.984194,0.000000,-1.638872,-14.898836,-20.712618,8.947221,0.785726,0.760721,0.464013,2.010460,rolling
4.166667,0.563853,0.110000,-0.548533,-0.979986,0.000000,-1.631864,-14.835124,-20.712618,8.908960,0.779020,0.758039,0.464013,2.001072,rolling
4.183333,0.547590,0.110000,-0.575614,-0.975777,0.000000,-1.624855,-14.771411,-20.712618,8.870698,0.772343,0.755368,0.464013,1.991724,rolling
4.200000,0.531397,0.110000,-0.602578,-0.971568,0.000000,-1.617847,-14.707699,-20.712618,8.832437,0.765695,0.752709,0.464013,1.982417,rolling
4.216667,0.515274,0.110000,-0.629425,-0.967359,0.000000,-1.610839,-14.643986,-20.712618,8.794176,0.759076,0.750061,0.464013,1.973149,rolling
4.233333,0.499222,0.110000,-0.656156,-0.963151,0.000000,-1.603830,-14.580274,-20.712618,8.755915,0.752485,0.747424,0.464013,1.963922,rolling
4.250000,0.483239,0.110000,-0.682769,-0.958942,0.000000,-1.596822,-14.516562,-20.712618,8.717653,0.745923,0.744800,0.464013,1.954736,rolling
4.266667,0.467327,0.110000,-0.709266,-0.954733,0.000000,-1.589813,-14.452849,-20.712618,8.679392,0.739390,0.742186,0.464013,1.945589,rolling
4.283333,0.451485,0.110000,-0.735646,-0.950524,0.000000,-1.582805,-14.389137,-20.712618,8.641131,0.732885,0.739585,0.464013,1.936483,rolling
4.300000,0.435713,0.110000,-0.761910,-0.946316,0.000000,-1.575797,-14.325425,-20.712618,8.602869,0.726409,0.736994,0.464013,1.927417,rolling
4.316667,0.420011,0.110000,-0.788056,-0.942107,0.000000,-1.568788,-14.261712,-20.712618,8.564608,0.719962,0.734415,0.464013,1.918391,rolling
4.333333,0.404380,0.110000,-0.814086,-0.937898,0.000000,-1.561780,-14.198000,-20.712618,8.526347,0.713544,0.731848,0.464013,1.909405,rolling
4.350000,0.388818,0.110000,-0.839999,-0.933689,0.000000,-1.554772,-14.134287,-20.712618,8.488086,0.707155,0.729292,0.464013,1.900460,rolling
4.366667,0.373327,0.110000,-0.865795,-0.929481,0.000000,-1.547763,-14.070575,-20.712618,8.449824,0.700794,0.726748,0.464013,1.891555,rolling
4.383333,0.357906,0.110000,-0.891474,-0.925272,0.000000,-1.540755,-14.006863,-20.712618,8.411563,0.694462,0.724215,0.464013,1.882690,rolling
4.400000,0.342555,0.110000,-0.917036,-0.921063,0.000000,-1.533747,-13.943150,-20.712618,8.373302,0.688158,0.721694,0.464013,1.873865,rolling
4.416667,0.327274,0.110000,-0.942482,-0.916854,0.000000,-1.526738,-13.879438,-20.712618,8.335040,0.681884,0.719184,0.464013,1.865080,rolling
4.433333,0.312063,0.110000,-0.967811,-0.912646,0.000000,-1.519730,-13.815726,-20.712618,8.296779,0.675638,0.716686,0.464013,1.856336,rolling
4.450000,0.296922,0.110000,-0.993023,-0.908437,0.000000,-1.512721,-13.752013,-20.712618,8.258518,0.669421,0.714199,0.464013,1.847632,rolling
4.466667,0.281852,0.110000,-1.018118,-0.904228,0.000000,-1.505713,-13.688301,-20.712618,8.220257,0.663232,0.711723,0.464013,1.838968,rolling
4.483333,0.266852,0.110000,-1.043097,-0.900019,0.000000,-1.498705,-13.624588,-20.712618,8.181995,0.657072,0.709259,0.464013,1.830345,rolling
4.500000,0.251921,0.110000,-1.067958,-0.895811,0.000000,-1.491696,-13.560876,-20.712618,8.143734,0.650942,0.706807,0.464013,1.821762,rolling
4.516667,0.237061,0.110000,-1.092703,-0.891602,0.000000,-1.484688,-13.497164,-20.712618,8.105473,0.644839,0.704366,0.464013,1.813218,rolling
4.533333,0.222271,0.110000,-1.117331,-0.887393,0.000000,-1.477680,-13.433451,-20.712618,8.067211,0.638766,0.701937,0.464013,1.804716,rolling
4.550000,0.207552,0.110000,-1.141842,-0.883185,0.000000,-1.470671,-13.369739,-20.712618,8.028950,0.632721,0.699519,0.464013,1.796253,rolling
4.566667,0.192902,0.110000,-1.166236,-0.878976,0.000000,-1.463663,-13.306027,-20.712618,7.990689,0.626705,0.697113,0.464013,1.787831,rolling
4.583333,0.178323,0.110000,-1.190514,-0.874767,0.000000,-1.456655,-13.242314,-20.712618,7.952428,0.620718,0.694718,0.464013,1.779448,rolling
4.600000,0.163813,0.110000,-1.214675,-0.870558,0.000000,-1.449646,-13.178602,-20.712618,7.914166,0.614759,0.692334,0.464013,1.771107,rolling
4.616667,0.149374,0.110000,-1.238719,-0.866350,0.000000,-1.442638,-13.114890,-20.712618,7.875905,0.608830,0.689962,0.464013,1.762805,rolling
4.633333,0.135005,0.110000,-1.262646,-0.862141,0.000000,-1.435629,-13.051177,-20.712618,7.837644,0.602929,0.687602,0.464013,1.754543,rolling
4.650000,0.120706,0.110000,-1.286456,-0.857932,0.000000,-1.428621,-12.987465,-20.712618,7.799382,0.597056,0.685253,0.464013,1.746322,rolling
4.666667,0.106478,0.110000,-1.310150,-0.853723,0.000000,-1.421613,-12.923752,-20.712618,7.761121,0.591213,0.682916,0.464013,1.738141,rolling
4.683333,0.092319,0.110000,-1.333727,-0.849515,0.000000,-1.414604,-12.860040,-20.712618,7.722860,0.585398,0.680590,0.464013,1.730000,rolling
4.700000,0.078231,0.110000,-1.357187,-0.845306,0.000000,-1.407596,-12.796328,-20.712618,7.684599,0.579612,0.678275,0.464013,1.721900,rolling
4.716667,0.064212,0.110000,-1.380530,-0.841097,0.000000,-1.400588,-12.732615,-20.712618,7.646337,0.573854,0.675972,0.464013,1.713840,rolling
4.733333,0.050264,0.110000,-1.403756,-0.836888,0.000000,-1.393579,-12.668903,-20.712618,7.608076,0.568126,0.673681,0.464013,1.705820,rolling
4.750000,0.036386,0.110000,-1.426866,-0.832680,0.000000,-1.386571,-12.605191,-20.712618,7.569815,0.562426,0.671401,0.464013,1.697840,rolling
4.766667,0.022578,0.110000,-1.449858,-0.828471,0.000000,-1.379563,-12.541478,-20.712618,7.531553,0.556755,0.669132,0.464013,1.689900,rolling
4.783333,0.008841,0.110000,-1.472734,-0.824262,0.000000,-1.372554,-12.477766,-20.712618,7.493292,0.551112,0.666875,0.464013,1.682001,rolling
4.800000,-0.004827,0.110000,-1.495493,-0.820053,0.000000,-1.365546,-12.414053,-20.712618,7.455031,0.545499,0.664630,0.464013,1.674142,rolling
4.816667,-0.018424,0.110000,-1.518136,-0.815845,0.000000,-1.358538,-12.350341,-20.712618,7.416770,0.539914,0.662396,0.464013,1.666323,rolling
4.833333,-0.031952,0.110000,-1.540661,-0.811636,0.000000,-1.351529,-12.286629,-20.712618,7.378508,0.534358,0.660173,0.464013,1.658544,rolling
4.850000,-0.045409,0.110000,-1.563070,-0.807427,0.000000,-1.344521,-12.222916,-20.712618,7.340247,0.528830,0.657962,0.464013,1.650806,rolling
4.866667,-0.058796,0.110000,-1.585362,-0.803218,0.000000,-1.337512,-12.159204,-20.712618,7.301986,0.523331,0.655763,0.464013,1.643107,rolling
4.883333,-0.072112,0.110000,-1.607537,-0.799010,0.000000,-1.330504,-12.095492,-20.712618,7.263724,0.517861,0.653575,0.464013,1.635449,rolling
4.900000,-0.085359,0.110000,-1.629595,-0.794801,0.000000,-1.323496,-12.031779,-20.712618,7.225463,0.512420,0.651399,0.464013,1.627832,rolling
4.916667,-0.098536,0.110000,-1.651536,-0.790592,0.000000,-1.316487,-11.968067,-20.712618,7.187202,0.507008,0.649234,0.464013,1.620254,rolling
4.933333,-0.111642,0.110000,-1.673361,-0.786383,0.000000,-1.309479,-11.904355,-20.712618,7.148940,0.501624,0.647080,0.464013,1.612717,rolling
4.950000,-0.124678,0.110000,-1.695069,-0.782175,0.000000,-1.302471,-11.840642,-20.712618,7.110679,0.496269,0.644938,0.464013,1.605220,rolling
4.966667,-0.137644,0.110000,-1.716660,-0.777966,0.000000,-1.295462,-11.776930,-20.712618,7.072418,0.490943,0.642807,0.464013,1.597763,rolling
4.983333,-0.150540,0.110000,-1.738134,-0.773757,0.000000,-1.288454,-11.713217,-20.712618,7.034157,0.485645,0.640688,0.464013,1.590346,rolling
5.000000,-0.163366,0.110000,-1.759492,-0.769548,0.000000,-1.281446,-11.649505,-20.712618,6.995895,0.480376,0.638581,0.464013,1.582970,rolling
5.016667,-0.176122,0.110000,-1.780732,-0.765340,0.000000,-1.274437,-11.585793,-20.712618,6.957634,0.475136,0.636485,0.464013,1.575634,rolling
5.033333,-0.188807,0.110000,-1.801856,-0.761131,0.000000,-1.267429,-11.522080,-20.712618,6.919373,0.469925,0.634400,0.464013,1.568338,rolling
5.050000,-0.201423,0.110000,-1.822863,-0.756922,0.000000,-1.260420,-11.458368,-20.712618,6.881111,0.464742,0.632327,0.464013,1.561082,rolling
5.066667,-0.213968,0.110000,-1.843753,-0.752714,0.000000,-1.253412,-11.394656,-20.712618,6.842850,0.459588,0.630266,0.464013,1.553867,rolling
5.083333,-0.226443,0.110000,-1.864527,-0.748505,0.000000,-1.246404,-11.330943,-20.712618,6.804589,0.454463,0.628216,0.464013,1.546692,rolling
5.100000,-0.238848,0.110000,-1.885183,-0.744296,0.000000,-1.239395,-11.267231,-20.712618,6.766328,0.449367,0.626177,0.464013,1.539557,rolling
5.116667,-0.251183,0.110000,-1.905723,-0.740087,0.000000,-1.232387,-11.203518,-20.712618,6.728066,0.444299,0.624150,0.464013,1.532462,rolling
5.133333,-0.263447,0.110000,-1.926146,-0.735879,0.000000,-1.225379,-11.139806,-20.712618,6.689805,0.439260,0.622134,0.464013,1.525408,rolling
5.150000,-0.275642,0.110000,-1.946452,-0.731670,0.000000,-1.218370,-11.076094,-20.712618,6.651544,0.434250,0.620130,0.464013,1.518393,rolling
5.166667,-0.287766,0.110000,-1.966641,-0.727461,0.000000,-1.211362,-11.012381,-20.712618,6.613282,0.429268,0.618138,0.464013,1.511419,rolling
5.183333,-0.299820,0.110000,-1.986714,-0.723252,0.000000,-1.204354,-10.948669,-20.712618,6.575021,0.424316,0.616157,0.464013,1.504485,rolling
5.200000,-0.311805,0.110000,-2.006670,-0.719044,0.000000,-1.197345,-10.884957,-20.712618,6.536760,0.419392,0.614187,0.464013,1.497592,rolling
5.216667,-0.323718,0.110000,-2.026509,-0.714835,0.000000,-1.190337,-10.821244,-20.712618,6.498499,0.414497,0.612229,0.464013,1.490739,rolling
5.233333,-0.335562,0.110000,-2.046231,-0.710626,0.000000,-1.183329,-10.757532,-20.712618,6.460237,0.409630,0.610282,0.464013,1.483925,rolling
5.250000,-0.347336,0.110000,-2.065836,-0.706417,0.000000,-1.176320,-10.693820,-20.712618,6.421976,0.404792,0.608347,0.464013,1.477153,rolling
5.266667,-0.359039,0.110000,-2.085325,-0.702209,0.000000,-1.169312,-10.630107,-20.712618,6.383715,0.399983,0.606424,0.464013,1.470420,rolling
5.283333,-0.370673,0.110000,-2.104696,-0.698000,0.000000,-1.162303,-10.566395,-20.712618,6.345453,0.395203,0.604512,0.464013,1.463728,rolling
5.300000,-0.382236,0.110000,-2.123951,-0.693791,0.000000,-1.155295,-10.502682,-20.712618,6.307192,0.390451,0.602611,0.464013,1.457075,rolling
5.316667,-0.393729,0.110000,-2.143089,-0.689582,0.000000,-1.148287,-10.438970,-20.712618,6.268931,0.385729,0.600722,0.464013,1.450463,rolling
5.333333,-0.405152,0.110000,-2.162111,-0.685374,0.000000,-1.141278,-10.375258,-20.712618,6.230670,0.381034,0.598844,0.464013,1.443892,rolling
5.350000,-0.416505,0.110000,-2.181015,-0.681165,0.000000,-1.134270,-10.311545,-20.712618,6.192408,0.376369,0.596978,0.464013,1.437360,rolling
5.366667,-0.427787,0.110000,-2.199803,-0.676956,0.000000,-1.127262,-10.247833,-20.712618,6.154147,0.371733,0.595123,0.464013,1.430869,rolling
5.383333,-0.439000,0.110000,-2.218474,-0.672747,0.000000,-1.120253,-10.184121,-20.712618,6.115886,0.367125,0.593280,0.464013,1.424418,rolling
5.400000,-0.450142,0.110000,-2.237028,-0.668539,0.000000,-1.113245,-10.120408,-20.712618,6.077624,0.362546,0.591449,0.464013,1.418007,rolling
5.416667,-0.461214,0.110000,-2.255465,-0.664330,0.000000,-1.106237,-10.056696,-20.712618,6.039363,0.357995,0.589629,0.464013,1.411637,rolling
5.433333,-0.472216,0.110000,-2.273786,-0.660121,0.000000,-1.099228,-9.992983,-20.712618,6.001102,0.353473,0.587820,0.464013,1.405306,rolling
5.450000,-0.483148,0.110000,-2.291989,-0.655912,0.000000,-1.092220,-9.929271,-20.712618,5.962841,0.348981,0.586023,0.464013,1.399016,rolling
5.466667,-0.494010,0.110000,-2.310076,-0.651704,0.000000,-1.085211,-9.865559,-20.712618,5.924579,0.344516,0.584237,0.464013,1.392766,rolling
5.483333,-0.504801,0.110000,-2.328046,-0.647495,0.000000,-1.078203,-9.801846,-20.712618,5.886318,0.340081,0.582463,0.464013,1.386557,rolling
5.500000,-0.515523,0.110000,-2.345900,-0.643286,0.000000,-1.071195,-9.738134,-20.712618,5.848057,0.335674,0.580700,0.464013,1.380387,rolling
5.516667,-0.526174,0.110000,-2.363636,-0.639077,0.000000,-1.064186,-9.674422,-20.712618,5.809795,0.331296,0.578949,0.464013,1.374258,rolling
5.533333,-0.536755,0.110000,-2.381256,-0.634869,0.000000,-1.057178,-9.610709,-20.712618,5.771534,0.326947,0.577209,0.464013,1.368169,rolling
5.550000,-0.547266,0.110000,-2.398758,-0.630660,0.000000,-1.050170,-9.546997,-20.712618,5.733273,0.322626,0.575481,0.464013,1.362121,rolling
5.566667,-0.557707,0.110000,-2.416144,-0.626451,0.000000,-1.043161,-9.483284,-20.712618,5.695012,0.318335,0.573764,0.464013,1.356112,rolling
5.583333,-0.568078,0.110000,-2.433414,-0.622243,0.000000,-1.036153,-9.419572,-20.712618,5.656750,0.314072,0.572059,0.464013,1.350144,rolling
5.600000,-0.578378,0.110000,-2.450566,-0.618034,0.000000,-1.029145,-9.355860,-20.712618,5.618489,0.309837,0.570365,0.464013,1.344216,rolling
5.616667,-0.588609,0.110000,-2.467602,-0.613825,0.000000,-1.022136,-9.292147,-20.712618,5.580228,0.305632,0.568683,0.464013,1.338328,rolling
5.633333,-0.598769,0.110000,-2.484520,-0.609616,0.000000,-1.015128,-9.228435,-20.712618,5.541966,0.301455,0.567012,0.464013,1.332481,rolling
5.650000,-0.608859,0.110000,-2.501322,-0.605408,0.000000,-1.008119,-9.164723,-20.712618,5.503705,0.297307,0.565353,0.464013,1.326673,rolling
5.666667,-0.618879,0.110000,-2.518008,-0.601199,0.000000,-1.001111,-9.101010,-20.712618,5.465444,0.293188,0.563706,0.464013,1.320906,rolling
5.683333,-0.628829,0.110000,-2.534576,-0.596990,0.000000,-0.994103,-9.037298,-20.712618,5.427183,0.289097,0.562069,0.464013,1.315179,rolling
5.700000,-0.638709,0.110000,-2.551028,-0.592781,0.000000,-0.987094,-8.973586,-20.712618,5.388921,0.285035,0.560445,0.464013,1.309493,rolling
5.716667,-0.648518,0.110000,-2.567362,-0.588573,0.000000,-0.980086,-8.909873,-20.712618,5.350660,0.281002,0.558831,0.464013,1.303846,rolling
5.733333,-0.658258,0.110000,-2.583580,-0.584364,0.000000,-0.973078,-8.846161,-20.712618,5.312399,0.276998,0.557230,0.464013,1.298240,rolling
5.750000,-0.667927,0.110000,-2.599681,-0.580155,0.000000,-0.966069,-8.782448,-20.712618,5.274137,0.273022,0.555639,0.464013,1.292674,rolling
5.766667,-0.677526,0.110000,-2.615666,-0.575946,0.000000,-0.959061,-8.718736,-20.712618,5.235876,0.269075,0.554061,0.464013,1.287149,rolling
5.783333,-0.687055,0.110000,-2.631533,-0.571738,0.000000,-0.952053,-8.655024,-20.712618,5.197615,0.265157,0.552493,0.464013,1.281663,rolling
5.800000,-0.696514,0.110000,-2.647284,-0.567529,0.000000,-0.945044,-8.591311,-20.712618,5.159354,0.261267,0.550937,0.464013,1.276218,rolling
5.816667,-0.705902,0.110000,-2.662918,-0.563320,0.000000,-0.938036,-8.527599,-20.712618,5.121092,0.257407,0.549393,0.464013,1.270813,rolling
5.833333,-0.715221,0.110000,-2.678435,-0.559111,0.000000,-0.931028,-8.463887,-20.712618,5.082831,0.253575,0.547860,0.464013,1.265448,rolling
5.850000,-0.724469,0.110000,-2.693835,-0.554903,0.000000,-0.924019,-8.400174,-20.712618,5.044570,0.249772,0.546339,0.464013,1.260124,rolling
5.866667,-0.733647,0.110000,-2.709119,-0.550694,0.000000,-0.917011,-8.336462,-20.712618,5.006308,0.245997,0.544829,0.464013,1.254839,rolling
5.883333,-0.742756,0.110000,-2.724286,-0.546485,0.000000,-0.910002,-8.272749,-20.712618,4.968047,0.242251,0.543331,0.464013,1.249595,rolling
5.900000,-0.751793,0.110000,-2.739336,-0.542276,0.000000,-0.902994,-8.209037,-20.712618,4.929786,0.238534,0.541844,0.464013,1.244392,rolling
5.916667,-0.760761,0.110000,-2.754269,-0.538068,0.000000,-0.895986,-8.145325,-20.712618,4.891525,0.234846,0.540369,0.464013,1.239228,rolling
5.933333,-0.769659,0.110000,-2.769085,-0.533859,0.000000,-0.888977,-8.081612,-20.712618,4.853263,0.231187,0.538905,0.464013,1.234105,rolling
5.950000,-0.778486,0.110000,-2.783784,-0.529650,0.000000,-0.881969,-8.017900,-20.712618,4.815002,0.227556,0.537453,0.464013,1.229021,rolling
5.966667,-0.787244,0.110000,-2.798367,-0.525441,0.000000,-0.874961,-7.954188,-20.712618,4.776741,0.223954,0.536012,0.464013,1.223979,rolling
5.983333,-0.795931,0.110000,-2.812833,-0.521233,0.000000,-0.867952,-7.890475,-20.712618,4.738479,0.220380,0.534583,0.464013,1.218976,rolling
6.000000,-0.804548,0.110000,-2.827182,-0.517024,0.000000,-0.860944,-7.826763,-20.712618,4.700218,0.216836,0.533165,0.464013,1.214013,rolling